{
  "coeficiente_diario": {
    "1.66": {
      "01": 0.022118735,
      "02": 0.022158947,
      "03": 0.022199156,
      "04": 0.022239364,
      "05": 0.022279571,
      "06": 0.022319776,
      "07": 0.022359979,
      "08": 0.022400180,
      "09": 0.022440379,
      "10": 0.022480576,
      "11": 0.022520772,
      "12": 0.022560966,
      "13": 0.022601158,
      "14": 0.022641349,
      "15": 0.022681538,
      "16": 0.022721726,
      "17": 0.022761911,
      "18": 0.022802095,
      "19": 0.022842277,
      "20": 0.022882458,
      "21": 0.022922637,
      "22": 0.022962814,
      "23": 0.023002990,
      "24": 0.023043164,
      "25": 0.023083337,
      "26": 0.023123508,
      "27": 0.023163678,
      "28": 0.023203846,
      "29": 0.023244012,
      "30": 0.023284177,
      "31": 0.023324341
    },
    "1.79": {
      "01": 0.023230765,
      "02": 0.023271394,
      "03": 0.023312023,
      "04": 0.023352650,
      "05": 0.023393276,
      "06": 0.023433901,
      "07": 0.023474525,
      "08": 0.023515147,
      "09": 0.023555768,
      "10": 0.023596388,
      "11": 0.023637006,
      "12": 0.023677624,
      "13": 0.023718240,
      "14": 0.023758855,
      "15": 0.023799468,
      "16": 0.023840080,
      "17": 0.023880691,
      "18": 0.023921301,
      "19": 0.023961910,
      "20": 0.024002517,
      "21": 0.024043124,
      "22": 0.024083729,
      "23": 0.024124332,
      "24": 0.024164935,
      "25": 0.024205536,
      "26": 0.024246136,
      "27": 0.024286735,
      "28": 0.024327333,
      "29": 0.024367929,
      "30": 0.024408524,
      "31": 0.024449118
    },
    "1.85": {
      "01": 0.023743456,
      "02": 0.023784554,
      "03": 0.023825654,
      "04": 0.023866751,
      "05": 0.023907848,
      "06": 0.023948944,
      "07": 0.023990040,
      "08": 0.024031135,
      "09": 0.024072229,
      "10": 0.024113322,
      "11": 0.024154415,
      "12": 0.024195507,
      "13": 0.024236597,
      "14": 0.024277687,
      "15": 0.024318776,
      "16": 0.024359864,
      "17": 0.024400952,
      "18": 0.024442038,
      "19": 0.024483123,
      "20": 0.024524208,
      "21": 0.024565291,
      "22": 0.024606374,
      "23": 0.024647455,
      "24": 0.024688536,
      "25": 0.024729616,
      "26": 0.024770695,
      "27": 0.024811773,
      "28": 0.024852850,
      "29": 0.024893926,
      "30": 0.024935001,
      "31": 0.024976076
    }
  }
}
