{
  "coeficiente_diario": {
    "1.66": {
      "01": 0.021490,
      "02": 0.021486,
      "03": 0.021482,
      "04": 0.021478,
      "05": 0.021474,
      "06": 0.021470,
      "07": 0.021466,
      "08": 0.021462,
      "09": 0.021458,
      "10": 0.021454,
      "11": 0.021450,
      "12": 0.021446,
      "13": 0.021442,
      "14": 0.021438,
      "15": 0.021434,
      "16": 0.021430,
      "17": 0.021426,
      "18": 0.021422,
      "19": 0.021418,
      "20": 0.021414,
      "21": 0.021410,
      "22": 0.021406,
      "23": 0.021402,
      "24": 0.021398,
      "25": 0.021394,
      "26": 0.021390,
      "27": 0.021386,
      "28": 0.021382,
      "29": 0.021378,
      "30": 0.021374
    },
    "1.79": {
      "01": 0.022543,
      "02": 0.022540,
      "03": 0.022536,
      "04": 0.022532,
      "05": 0.022528,
      "06": 0.022524,
      "07": 0.022520,
      "08": 0.022516,
      "09": 0.022512,
      "10": 0.022508,
      "11": 0.022504,
      "12": 0.022500,
      "13": 0.022496,
      "14": 0.022492,
      "15": 0.022488,
      "16": 0.022484,
      "17": 0.022480,
      "18": 0.022476,
      "19": 0.022472,
      "20": 0.022468,
      "21": 0.022464,
      "22": 0.022460,
      "23": 0.022456,
      "24": 0.022452,
      "25": 0.022448,
      "26": 0.022444,
      "27": 0.022440,
      "28": 0.022436,
      "29": 0.022432,
      "30": 0.022428
    },
    "1.85": {
      "01": 0.023038,
      "02": 0.023033,
      "03": 0.023028,
      "04": 0.023024,
      "05": 0.023019,
      "06": 0.023014,
      "07": 0.023010,
      "08": 0.023005,
      "09": 0.023001,
      "10": 0.022996,
      "11": 0.022992,
      "12": 0.022987,
      "13": 0.022983,
      "14": 0.022979,
      "15": 0.022974,
      "16": 0.022970,
      "17": 0.022966,
      "18": 0.022961,
      "19": 0.022957,
      "20": 0.022953,
      "21": 0.022949,
      "22": 0.022944,
      "23": 0.022940,
      "24": 0.022936,
      "25": 0.022932,
      "26": 0.022928,
      "27": 0.022924,
      "28": 0.022920,
      "29": 0.022916,
      "30": 0.022912
    }
  }
}
